Scan number,Frame,Detector horiz (x is positive left) in mm,Detector vertical (y is positive up) in mm,Detector trans x (mm),Detector trans y (mm),Detector trans x (px),Detector trans y (px) ,Beam centre horiz in px,Beam centre vertical in px,Pixel size in mm
109633,1,878,-39.002,120.998,-90,703.476744186047,-523.255813953488,1449.24674418605,168.544186046512,
109641,1,633,-39.002,-124.002,-90,-720.941860465116,-523.255813953488,24.8281395348839,168.544186046512,
109673,1,756,8.994,-1.00199999999995,-42.004,-5.82558139534856,-244.209302325581,739.944418604651,447.590697674419,
109696,2,878,45.998,120.998,-5,703.476744186047,-29.0697674418605,1449.24674418605,662.73023255814,
109704,10,633,45.998,-124.002,-5,-720.941860465116,-29.0697674418605,24.8281395348839,662.73023255814,
